store,dept,holdout_rmse_xgb,holdout_rmse_lgb,holdout_rmse_avg
1,1,334.13846322714153,2460.5161998150606,1293.4147551974745
